PokemonId,PokemonName,PS,Ata,Def,Vel,AtEsp,DefEsp,Habilidad1,Habilidad2,Habilidad oculta1,Habilidad oculta2,Tipo1,Tipo2
"001,Bulbasaur,294,216,216,207,251,251,65,,34,,12,17"
"002,Ivysaur,324,245,247,240,284,284,65,,34,,12,17"
"003,Venusaur,364,289,291,284,328,328,65,,34,,12,17"
"004,Charmander,282,223,203,251,240,218,66,,94,,7,"
"005,Charmeleon,320,249,236,284,284,251,66,,94,,7,"
"006,Charizard,360,293,280,328,348,295,66,,94,,7,18"
"007,Squirtle,292,214,251,203,218,249,67,,44,,2,"
"008,Wartortle,322,247,284,236,251,284,67,,44,,2,"
"009,Blastoise,362,291,328,280,295,339,67,,44,,2,"
"010,Caterpie,294,174,185,207,152,152,19,,50,,3,"
"011,Metapod,304,152,229,174,163,163,61,,,,3,"
"012,Butterfree,324,207,218,262,306,284,14,,110,,3,18"
"013,Weedle,284,185,174,218,152,152,19,,50,,3,17"
"014,Kakuna,294,163,218,185,163,163,61,,,,3,17"
"015,Beedrill,334,306,196,273,207,284,68,,97,,3,17"
"016,Pidgey,284,207,196,232,185,185,51,77,145,,11,18"
"017,Pidgeotto,330,240,229,265,218,218,51,77,145,,11,18"
"018,Pidgeot,370,284,273,331,262,262,51,77,145,,11,18"
"019,Rattata,264,232,185,267,163,185,62,50,55,,11,"
"020,Raticate,314,287,240,322,218,262,62,50,55,,11,"
"021,Spearow,284,240,174,262,177,177,51,,97,,11,18"
"022,Fearow,334,306,251,328,243,243,51,,97,,11,18"
"023,Ekans,274,240,205,229,196,227,22,61,127,,17,"
"024,Arbok,324,317,260,284,251,282,22,61,127,,17,"
"025,Pikachu,274,229,196,306,218,218,9,,31,,5,"
"026,Raichu,324,306,229,350,306,284,9,,31,,5,"
"027,Sandshrew,304,273,295,196,152,174,8,,146,,16,"
"028,Sandslash,354,328,350,251,207,229,8,,146,,16,"
"029,NidoranÃ¢â„¢â‚¬,314,212,223,199,196,196,38,79,55,,17,"
"030,Nidorina,344,245,256,232,229,229,38,79,55,,17,"
"031,Nidoqueen,384,311,300,276,273,295,38,79,125,,17,16"
"032,NidoranÃ¢â„¢â€š,296,234,196,218,196,196,38,79,55,,17,"
"033,Nidorino,326,267,234,251,229,229,38,79,55,,17,"
"034,Nidoking,366,333,278,295,295,273,38,79,125,,17,16"
"035,Clefairy,344,207,214,185,240,251,56,98,132,,8,"
"036,Clefable,394,262,269,240,317,306,56,98,109,,8,"
"037,Vulpix,280,199,196,251,218,251,18,,70,,7,"
"038,Ninetales,350,276,273,328,287,328,18,,70,,7,"
"039,Jigglypuff,434,207,152,152,207,163,56,172,132,,11,8"
"040,Wigglytuff,484,262,207,207,295,218,56,172,119,,11,8"
"041,Zubat,284,207,185,229,174,196,39,,151,,17,18"
"042,Golbat,354,284,262,306,251,273,39,,151,,17,18"
"043,Oddish,294,218,229,174,273,251,34,,50,,12,17"
"044,Gloom,324,251,262,196,295,273,34,,1,,12,17"
"045,Vileplume,354,284,295,218,350,306,34,,27,,12,17"
"046,Paras,274,262,229,163,207,229,27,87,6,,3,12"
"047,Parasect,324,317,284,174,240,284,27,87,6,,3,12"
"048,Venonat,324,229,218,207,196,229,14,110,50,,3,17"
"049,Venomoth,344,251,240,306,306,273,19,110,147,,3,17"
"050,Diglett,224,229,163,317,185,207,71,8,159,,16,"
"051,Dugtrio,274,328,218,372,218,262,71,8,159,,16,"
"052,Meowth,284,207,185,306,196,196,53,101,127,,11,"
"053,Persian,334,262,240,361,251,251,7,101,127,,11,"
"054,Psyduck,304,223,214,229,251,218,6,13,33,,2,"
"055,Golduck,364,289,280,295,317,284,13,6,33,,2,"
"056,Mankey,284,284,185,262,185,207,72,83,128,,10,"
"057,Primeape,334,339,240,317,240,262,72,83,128,,10,"
"058,Growlithe,314,262,207,240,262,218,22,18,154,,7,"
"059,Arcanine,384,350,284,317,328,284,22,18,154,,7,"
"060,Poliwag,284,218,196,306,196,196,11,6,33,,2,"
"061,Poliwhirl,334,251,251,306,218,218,11,6,33,,2,"
"062,Poliwrath,384,317,317,262,262,306,11,6,33,,2,10"
"063,Abra,254,152,141,306,339,229,28,39,98,,13,"
"064,Kadabra,284,185,174,339,372,262,28,39,98,,13,"
"065,Alakazam,314,218,207,372,405,317,28,39,98,,13,"
"066,Machop,344,284,218,185,185,185,62,99,80,,10,"
"067,Machoke,364,328,262,207,218,240,62,99,80,,10,"
"068,Machamp,384,394,284,229,251,295,62,99,80,,10,"
"069,Bellsprout,304,273,185,196,262,174,34,,82,,12,17"
"070,Weepinbell,334,306,218,229,295,207,34,,82,,12,17"
"071,Victreebel,364,339,251,262,328,262,34,,82,,12,17"
"072,Tentacool,284,196,185,262,218,328,29,64,44,,2,17"
"073,Tentacruel,364,262,251,328,284,372,29,64,44,,2,17"
"074,Geodude,284,284,328,152,174,174,69,5,8,,14,16"
"075,Graveler,314,317,361,185,207,207,69,5,8,,14,16"
"076,Golem,364,372,394,207,229,251,69,5,8,,14,16"
"077,Ponyta,304,295,229,306,251,251,50,18,49,,7,"
"078,Rapidash,334,328,262,339,284,284,50,18,49,,7,"
"079,Slowpoke,384,251,251,141,196,196,12,20,144,,2,13"
"080,Slowbro,394,273,350,174,328,284,12,20,144,,2,13"
"081,Magnemite,254,185,262,207,317,229,42,5,148,,5,1"
"082,Magneton,304,240,317,262,372,262,42,5,148,,5,1"
"083,FarfetchÃ¢â‚¬Â²d,308,306,229,240,236,245,51,39,128,,11,18"
"084,Doduo,274,295,207,273,185,185,50,48,77,,11,18"
"085,Dodrio,324,350,262,350,240,240,50,48,77,,11,18"
"086,Seel,334,207,229,207,207,262,47,93,115,,2,"
"087,Dewgong,384,262,284,262,262,317,47,93,115,,2,9"
"088,Grimer,364,284,218,163,196,218,1,60,143,,17,"
"089,Muk,414,339,273,218,251,328,1,60,143,,17,"
"090,Shellder,264,251,328,196,207,163,75,92,142,,2,"
"091,Cloyster,304,317,504,262,295,207,75,92,142,,2,9"
"092,Gastly,264,185,174,284,328,185,26,,,,6,17"
"093,Haunter,294,218,207,317,361,229,26,,,,6,17"
"094,Gengar,324,251,240,350,394,273,130,,,,6,17"
"095,Onix,274,207,460,262,174,207,69,5,133,,14,16"
"096,Drowzee,324,214,207,201,203,306,15,108,39,,13,"
"097,Hypno,374,269,262,256,269,361,15,108,39,,13,"
"098,Krabby,264,339,306,218,163,163,75,52,125,,2,"
"099,Kingler,314,394,361,273,218,218,75,52,125,,2,"
"100,Voltorb,284,174,218,328,229,229,43,9,106,,5,"
"101,Electrode,324,218,262,438,284,284,43,9,106,,5,"
"102,Exeggcute,324,196,284,196,240,207,34,,139,,12,13"
"103,Exeggutor,394,317,295,229,383,273,34,,139,,12,13"
"104,Cubone,304,218,317,185,196,218,69,31,4,,16,"
"105,Marowak,324,284,350,207,218,284,69,31,4,,16,"
"106,Hitmonlee,304,372,225,300,185,350,7,120,84,,10,"
"107,Hitmonchan,304,339,282,276,185,350,51,89,39,,10,"
"108,Lickitung,384,229,273,174,240,273,12,20,13,,11,"
"109,Koffing,284,251,317,185,240,207,26,256,1,,17,"
"110,Weezing,334,306,372,240,295,262,26,256,1,,17,"
"111,Rhyhorn,364,295,317,163,174,174,31,69,120,,16,14"
"112,Rhydon,414,394,372,196,207,207,31,69,120,,16,14"
"113,Chansey,704,119,119,218,185,339,30,32,131,,11,"
"114,Tangela,334,229,361,240,328,196,34,102,144,,12,"
"115,Kangaskhan,414,317,284,306,196,284,48,113,39,,11,"
"116,Horsea,264,196,262,240,262,163,33,97,6,,2,"
"117,Seadra,314,251,317,295,317,207,38,97,6,,2,"
"118,Goldeen,294,256,240,247,185,218,33,41,31,,2,"
"119,Seaking,364,311,251,258,251,284,33,41,31,,2,"
"120,Staryu,264,207,229,295,262,229,30,35,148,,2,"
"121,Starmie,324,273,295,361,328,295,30,35,148,,2,13"
"122,Mr. Mime,284,207,251,306,328,372,43,111,101,,13,8"
"123,Scyther,344,350,284,339,229,284,68,101,80,,3,18"
"124,Jynx,334,218,185,317,361,317,12,108,87,,9,13"
"125,Electabuzz,334,291,234,339,317,295,9,,72,,5,"
"126,Magmar,334,317,234,313,328,295,49,,72,,7,"
"127,Pinsir,334,383,328,295,229,262,52,104,153,,3,"
"128,Tauros,354,328,317,350,196,262,22,83,125,,11,"
"129,Magikarp,244,130,229,284,141,152,33,,155,,2,"
"130,Gyarados,394,383,282,287,240,328,22,,153,,2,18"
"131,Lapras,464,295,284,240,295,317,11,75,93,,2,9"
"132,Ditto,300,214,214,214,214,214,7,,150,,11,"
"133,Eevee,314,229,218,229,207,251,50,91,107,,11,"
"134,Vaporeon,464,251,240,251,350,317,11,,93,,2,"
"135,Jolteon,334,251,240,394,350,317,10,,95,,5,"
"136,Flareon,334,394,240,251,317,350,18,,62,,7,"
"137,Porygon,334,240,262,196,295,273,36,88,148,,11,"
"138,Omanyte,274,196,328,185,306,229,33,75,133,,14,2"
"139,Omastar,344,240,383,229,361,262,33,75,133,,14,2"
"140,Kabuto,264,284,306,229,229,207,4,33,133,,14,2"
"141,Kabutops,324,361,339,284,251,262,4,33,133,,14,2"
"142,Aerodactyl,364,339,251,394,240,273,69,46,127,,14,18"
"143,Snorlax,524,350,251,174,251,350,47,17,82,,11,"
"144,Articuno,384,295,328,295,317,383,46,,81,,9,18"
"145,Zapdos,384,306,295,328,383,306,46,,9,,5,18"
"146,Moltres,384,328,306,306,383,295,46,,49,,7,18"
"147,Dratini,286,249,207,218,218,218,61,,63,,4,"
"148,Dragonair,326,293,251,262,262,262,61,,63,,4,"
"149,Dragonite,386,403,317,284,328,328,39,,136,,4,18"
"150,Mewtwo,416,350,306,394,447,306,46,,127,,13,"
"151,Mew,404,328,328,328,328,328,28,,,,13,"
"152,Chikorita,294,216,251,207,216,251,65,,102,,12,"
"153,Bayleef,324,245,284,240,247,284,65,,102,,12,"
"154,Meganium,364,289,328,284,291,328,65,,102,,12,"
"155,Cyndaquil,282,223,203,251,240,218,66,,18,,7,"
"156,Quilava,320,249,236,284,284,251,66,,18,,7,"
"157,Typhlosion,360,293,280,328,348,295,66,,18,,7,"
"158,Totodile,304,251,249,203,205,214,67,,125,,2,"
"159,Croconaw,334,284,284,236,238,247,67,,125,,2,"
"160,Feraligatr,374,339,328,280,282,291,67,,125,,2,"
"161,Sentret,274,210,183,152,185,207,50,51,119,,11,"
"162,Furret,374,276,249,306,207,229,50,51,119,,11,"
"163,Hoothoot,324,174,174,218,188,232,15,51,110,,11,18"
"164,Noctowl,404,218,218,262,298,320,15,51,110,,11,18"
"165,Ledyba,284,152,174,229,196,284,68,48,155,,3,18"
"166,Ledian,314,185,218,295,229,350,68,48,89,,3,18"
"167,Spinarak,284,240,196,174,196,196,68,15,97,,3,17"
"168,Ariados,344,306,262,196,240,262,68,15,97,,3,17"
"169,Crobat,374,306,284,394,262,284,39,,151,,17,18"
"170,Chinchou,354,192,192,256,232,232,10,35,11,,2,5"
"171,Lanturn,454,236,236,256,276,276,10,35,11,,2,5"
"172,Pichu,244,196,141,240,185,185,9,,31,,5,"
"173,Cleffa,304,163,170,141,207,229,56,98,132,,8,"
"174,Igglybuff,384,174,141,141,196,152,56,172,132,,11,8"
"175,Togepi,274,152,251,152,196,251,55,32,105,,8,"
"176,Togetic,314,196,295,196,284,339,55,32,105,,8,18"
"177,Natu,284,218,207,262,262,207,48,28,156,,13,18"
"178,Xatu,334,273,262,317,317,262,48,28,156,,13,18"
"179,Mareep,314,196,196,185,251,207,9,,57,,5,"
"180,Flaaffy,344,229,229,207,284,240,9,,57,,5,"
"181,Ampharos,384,273,295,229,361,306,9,,57,,5,"
"182,Bellossom,354,284,317,218,306,328,34,,131,,12,"
"183,Marill,344,152,218,196,152,218,37,47,157,,2,8"
"184,Azumarill,404,218,284,218,240,284,37,47,157,,2,8"
"185,Sudowoodo,344,328,361,174,174,251,69,5,155,,14,"
"186,Politoed,384,273,273,262,306,328,11,6,2,,2,"
"187,Hoppip,274,185,196,218,185,229,34,102,151,,12,18"
"188,Skiploom,314,207,218,284,207,251,34,102,151,,12,18"
"189,Jumpluff,354,229,262,350,229,317,34,102,151,,12,18"
"190,Aipom,314,262,229,295,196,229,50,53,92,,11,"
"191,Sunkern,264,174,174,174,174,174,34,94,48,,12,"
"192,Sunflora,354,273,229,174,339,295,34,94,48,,12,"
"193,Yanma,334,251,207,317,273,207,3,14,119,,3,18"
"194,Wooper,314,207,207,141,163,163,6,11,109,,2,16"
"195,Quagsire,394,295,295,185,251,251,6,11,109,,2,16"
"196,Espeon,334,251,240,350,394,317,28,,156,,13,"
"197,Umbreon,394,251,350,251,240,394,28,,39,,15,"
"198,Murkrow,324,295,201,309,295,201,15,105,158,,15,18"
"199,Slowking,394,273,284,174,328,350,12,20,144,,2,13"
"200,Misdreavus,324,240,240,295,295,295,26,,,,6,"
"201,Unown,300,267,214,214,267,214,26,,,,13,"
"202,Wobbuffet,584,181,236,181,181,236,23,,140,,13,"
"203,Girafarig,344,284,251,295,306,251,39,48,157,,11,13"
"204,Pineco,304,251,306,141,185,185,5,,142,,3,"
"205,Forretress,354,306,416,196,240,240,5,,142,,3,1"
"206,Dunsparce,404,262,262,207,251,251,32,50,155,,11,"
"207,Gligar,334,273,339,295,185,251,52,8,17,,16,18"
"208,Steelix,354,295,548,174,229,251,69,5,125,,1,16"
"209,Snubbull,324,284,218,174,196,196,22,50,155,,8,"
"210,Granbull,384,372,273,207,240,240,22,95,155,,8,"
"211,Qwilfish,334,317,295,295,229,229,33,38,22,,2,17"
"212,Scizor,344,394,328,251,229,284,68,101,135,,3,1"
"213,Shuckle,244,130,614,119,130,614,5,82,126,,3,14"
"214,Heracross,364,383,273,295,196,317,68,62,153,,3,10"
"215,Sneasel,314,317,229,361,185,273,39,51,124,,15,9"
"216,Teddiursa,324,284,218,196,218,218,53,95,118,,11,"
"217,Ursaring,384,394,273,229,273,273,62,95,127,,11,"
"218,Slugma,284,196,196,152,262,196,49,40,133,,7,"
"219,Magcargo,324,218,372,174,306,284,49,40,133,,7,14"
"220,Swinub,304,218,196,218,174,174,12,81,47,,9,16"
"221,Piloswine,404,328,284,218,240,240,12,81,47,,9,16"
"222,Corsola,334,229,317,185,251,317,30,55,144,,2,14"
"223,Remoraid,274,251,185,251,251,185,55,97,141,,2,"
"224,Octillery,354,339,273,207,339,273,21,97,141,,2,"
"225,Delibird,294,229,207,273,251,207,55,72,15,,9,18"
"226,Mantine,374,196,262,262,284,416,11,33,41,,2,18"
"227,Skarmory,334,284,416,262,196,262,5,51,133,,1,18"
"228,Houndour,294,240,174,251,284,218,18,48,127,,15,7"
"229,Houndoom,354,306,218,317,350,284,18,48,127,,15,7"
"230,Kingdra,354,317,317,295,317,317,33,97,6,,2,4"
"231,Phanpy,384,240,240,196,196,196,53,,8,,16,"
"232,Donphan,384,372,372,218,240,240,5,,8,,16,"
"233,Porygon2,374,284,306,240,339,317,36,88,148,,11,"
"234,Stantler,350,317,245,295,295,251,22,119,157,,11,"
"235,Smeargle,314,152,185,273,152,207,20,101,141,,11,"
"236,Tyrogue,274,185,185,185,185,185,62,80,72,,10,"
"237,Hitmontop,304,317,317,262,185,350,22,101,80,,10,"
"238,Smoochum,294,174,141,251,295,251,12,108,93,,9,13"
"239,Elekid,294,247,190,317,251,229,9,,72,,5,"
"240,Magby,294,273,190,291,262,229,49,,72,,7,"
"241,Miltank,394,284,339,328,196,262,47,113,157,,11,"
"242,Blissey,714,130,130,229,273,405,30,32,131,,11,"
"243,Raikou,384,295,273,361,361,328,46,,39,,5,"
"244,Entei,434,361,295,328,306,273,46,,39,,7,"
"245,Suicune,404,273,361,295,306,361,46,,39,,2,"
"246,Larvitar,304,249,218,199,207,218,62,,8,,14,16"
"247,Pupitar,344,293,262,221,251,262,61,,,,14,16"
"248,Tyranitar,404,403,350,243,317,328,45,,127,,14,15"
"249,Lugia,416,306,394,350,306,447,46,,136,,13,18"
"250,Ho-Oh,416,394,306,306,350,447,46,,144,,7,18"
"251,Celebi,404,328,328,328,328,328,30,,,,13,12"
"252,Treecko,284,207,185,262,251,229,65,,84,,12,"
"253,Grovyle,304,251,207,317,295,251,65,,84,,12,"
"254,Sceptile,344,295,251,372,339,295,65,,84,,12,"
"255,Torchic,294,240,196,207,262,218,66,,3,,7,"
"256,Combusken,324,295,240,229,295,240,66,,3,,7,10"
"257,Blaziken,364,372,262,284,350,262,66,,3,,7,10"
"258,Mudkip,304,262,218,196,218,218,67,,6,,2,"
"259,Marshtomp,344,295,262,218,240,262,67,,6,,2,16"
"260,Swampert,404,350,306,240,295,306,67,,6,,2,16"
"261,Poochyena,274,229,185,185,174,174,50,95,155,,15,"
"262,Mightyena,344,306,262,262,240,240,22,95,153,,15,"
"263,Zigzagoon,280,174,199,240,174,199,53,82,95,,11,"
"264,Linoone,360,262,243,328,218,243,53,82,95,,11,"
"265,Wurmple,294,207,185,152,152,174,19,,50,,3,"
"266,Silcoon,304,185,229,141,163,163,61,,,,3,"
"267,Beautifly,324,262,218,251,328,218,68,,79,,3,18"
"268,Cascoon,304,185,229,141,163,163,61,,,,3,"
"269,Dustox,324,218,262,251,218,306,19,,14,,3,17"
"270,Lotad,284,174,174,174,196,218,44,33,20,,2,12"
"271,Lombre,324,218,218,218,240,262,44,33,20,,2,12"
"272,Ludicolo,364,262,262,262,306,328,44,33,20,,2,12"
"273,Seedot,284,196,218,174,174,174,34,48,124,,12,"
"274,Nuzleaf,344,262,196,240,240,196,34,48,124,,12,15"
"275,Shiftry,384,328,240,284,306,240,34,274,124,,12,15"
"276,Taillow,284,229,174,295,174,174,62,,113,,11,18"
"277,Swellow,324,295,240,383,273,218,62,,113,,11,18"
"278,Wingull,284,174,174,295,229,174,51,93,44,,2,18"
"279,Pelipper,324,218,328,251,317,262,51,2,44,,2,18"
"280,Ralts,260,163,163,196,207,185,36,28,140,,13,8"
"281,Kirlia,280,185,185,218,251,229,36,28,140,,13,8"
"282,Gardevoir,340,251,251,284,383,361,36,28,140,,13,8"
"283,Surskit,284,174,179,251,218,223,33,,44,,3,2"
"284,Masquerain,344,240,245,284,328,289,22,,127,,3,18"
"285,Shroomish,324,196,240,185,196,240,27,90,95,,12,"
"286,Breloom,324,394,284,262,240,240,27,90,101,,12,10"
"287,Slakoth,324,240,240,174,185,185,54,,,,11,"
"288,Vigoroth,364,284,284,306,229,229,72,,,,11,"
"289,Slaking,504,460,328,328,317,251,54,,,,11,"
"290,Nincada,266,207,306,196,174,174,14,,50,,3,16"
"291,Ninjask,326,306,207,460,218,218,3,,151,,3,18"
"292,Shedinja,1,306,207,196,174,174,25,,,,3,6"
"293,Whismur,332,221,159,170,221,159,43,,155,,11,"
"294,Loudred,372,265,203,214,265,203,43,,113,,11,"
"295,Exploud,412,309,247,258,309,269,43,,113,,11,"
"296,Makuhita,348,240,174,163,152,174,47,62,125,,10,"
"297,Hariyama,492,372,240,218,196,240,47,62,125,,10,"
"298,Azurill,304,152,196,152,152,196,47,37,157,,11,8"
"299,Nosepass,264,207,405,174,207,306,5,42,159,,14,"
"300,Skitty,304,207,207,218,185,185,56,96,147,,11,"
"301,Delcatty,344,251,251,306,229,229,56,96,147,,11,"
"302,Sableye,304,273,273,218,251,251,51,100,158,,15,6"
"303,Mawile,304,295,295,218,229,229,52,22,125,,1,8"
"304,Aron,304,262,328,174,196,196,5,69,134,,1,14"
"305,Lairon,324,306,416,196,218,218,5,69,134,,1,14"
"306,Aggron,344,350,504,218,240,240,5,69,134,,1,14"
"307,Meditite,264,196,229,240,196,229,74,,140,,10,13"
"308,Medicham,324,240,273,284,240,273,74,,140,,10,13"
"309,Electrike,284,207,196,251,251,196,9,31,58,,5,"
"310,Manectric,344,273,240,339,339,240,9,31,58,,5,"
"311,Plusle,324,218,196,317,295,273,57,,31,,5,"
"312,Minun,324,196,218,317,273,295,58,,10,,5,"
"313,Volbeat,334,269,273,295,212,295,35,68,158,,3,"
"314,Illumise,334,212,273,295,269,295,12,110,158,,3,"
"315,Roselia,304,240,207,251,328,284,30,38,102,,12,17"
"316,Gulpin,344,203,225,196,203,225,64,60,82,,17,"
"317,Swalot,404,269,291,229,269,291,64,60,82,,17,"
"318,Carvanha,294,306,152,251,251,152,24,,3,,2,15"
"319,Sharpedo,344,372,196,317,317,196,24,,3,,2,15"
"320,Wailmer,464,262,185,240,262,185,41,12,46,,2,"
"321,Wailord,544,306,207,240,306,207,41,12,46,,2,"
"322,Numel,324,240,196,185,251,207,12,86,20,,7,16"
"323,Camerupt,344,328,262,196,339,273,40,116,83,,7,16"
"324,Torkoal,344,295,416,152,295,262,73,70,75,,7,"
"325,Spoink,324,163,185,240,262,284,47,20,82,,13,"
"326,Grumpig,364,207,251,284,306,350,47,20,82,,13,"
"327,Spinda,324,240,240,240,240,240,20,77,126,,11,"
"328,Trapinch,294,328,207,130,207,207,52,71,125,,16,"
"329,Vibrava,304,262,218,262,218,218,26,,,,16,4"
"330,Flygon,364,328,284,328,284,284,26,,,,16,4"
"331,Cacnea,304,295,196,185,295,196,8,,11,,12,"
"332,Cacturne,344,361,240,229,361,240,8,,11,,12,15"
"333,Swablu,294,196,240,218,196,273,30,,13,,11,18"
"334,Altaria,354,262,306,284,262,339,30,,13,,4,18"
"335,Zangoose,350,361,240,306,240,240,17,,137,,11,"
"336,Seviper,350,328,240,251,328,240,61,,151,,17,"
"337,Lunatone,384,229,251,262,317,295,26,,,,14,13"
"338,Solrock,384,317,295,262,229,251,26,,,,14,13"
"339,Barboach,304,214,203,240,210,199,12,107,93,,2,16"
"340,Whiscash,424,280,269,240,276,265,12,107,93,,2,16"
"341,Corphish,290,284,251,185,218,185,52,75,91,,2,"
"342,Crawdaunt,330,372,295,229,306,229,52,75,91,,2,15"
"343,Baltoy,284,196,229,229,196,262,26,,,,16,13"
"344,Claydol,324,262,339,273,262,372,26,,,,16,13"
"345,Lileep,336,199,278,159,243,300,21,,114,,14,12"
"346,Cradily,376,287,322,203,287,344,21,,114,,14,12"
"347,Anorith,294,317,218,273,196,218,4,,33,,14,3"
"348,Armaldo,354,383,328,207,262,284,4,,33,,14,3"
"349,Feebas,244,141,152,284,130,229,33,12,91,,2,"
"350,Milotic,394,240,282,287,328,383,63,172,56,,2,"
"351,Castform,344,262,262,262,262,262,59,,,,11,"
"352,Kecleon,324,306,262,196,240,372,16,,168,,11,"
"353,Shuppet,292,273,185,207,247,181,15,119,130,,6,"
"354,Banette,332,361,251,251,291,247,15,119,130,,6,"
"355,Duskull,244,196,306,163,174,306,26,,119,,6,"
"356,Dusclops,284,262,394,163,240,394,46,,119,,6,"
"357,Tropius,402,258,291,221,267,300,34,94,139,,12,18"
"358,Chimecho,354,218,284,251,317,306,26,,,,13,"
"359,Absol,334,394,240,273,273,240,46,105,154,,15,"
"360,Wynaut,394,159,214,159,159,214,23,,140,,13,"
"361,Snorunt,304,218,218,218,218,218,39,115,141,,9,"
"362,Glalie,364,284,284,284,284,284,39,115,141,,9,"
"363,Spheal,344,196,218,163,229,218,47,115,12,,9,2"
"364,Sealeo,384,240,262,207,273,262,47,115,12,,9,2"
"365,Walrein,424,284,306,251,317,306,47,115,12,,9,2"
"366,Clamperl,274,249,295,179,271,229,75,,155,,2,"
"367,Huntail,314,337,339,223,315,273,33,,41,,2,"
"368,Gorebyss,314,293,339,223,359,273,33,,93,,2,"
"369,Relicanth,404,306,394,229,207,251,33,69,5,,2,14"
"370,Luvdisc,290,174,229,322,196,251,33,,93,,2,"
"371,Bagon,294,273,240,218,196,174,69,,125,,4,"
"372,Shelgon,334,317,328,218,240,218,69,,142,,4,"
"373,Salamence,394,405,284,328,350,284,22,,153,,4,18"
"374,Beldum,284,229,284,174,185,240,29,,135,,1,13"
"375,Metang,324,273,328,218,229,284,29,,135,,1,13"
"376,Metagross,364,405,394,262,317,306,29,,135,,1,13"
"377,Regirock,364,328,548,218,218,328,29,,5,,14,"
"378,Regice,364,218,328,218,328,548,29,,115,,9,"
"379,Registeel,364,273,438,218,273,438,29,,135,,1,"
"380,Latias,364,284,306,350,350,394,26,,,,4,13"
"381,Latios,364,306,284,350,394,350,26,,,,4,13"
"382,Kyogre,404,328,306,306,438,416,2,,,,2,"
"383,Groudon,404,438,416,306,328,306,70,,,,16,"
"384,Rayquaza,414,438,306,317,438,306,76,,,,4,18"
"385,Jirachi,404,328,328,328,328,328,32,,,,1,13"
"386,Deoxys,304,438,218,438,438,218,46,,,,13,"
"387,Turtwig,314,258,249,177,207,229,65,,75,,12,"
"388,Grotle,354,304,295,188,229,251,65,,75,,12,"
"389,Torterra,394,348,339,232,273,295,65,,75,,12,16"
"390,Chimchar,292,236,205,243,236,205,66,,89,,7,"
"391,Monferno,332,280,223,287,280,223,66,,89,,7,10"
"392,Infernape,356,337,265,346,337,265,66,,89,,7,10"
"393,Piplup,310,221,225,196,243,232,67,,172,,2,"
"394,Prinplup,332,254,258,218,287,276,67,,172,,2,"
"395,Empoleon,372,298,302,240,353,331,67,,172,,2,1"
"396,Starly,284,229,174,240,174,174,51,,120,,11,18"
"397,Staravia,314,273,218,284,196,196,22,,120,,11,18"
"398,Staraptor,374,372,262,328,218,240,22,,120,,11,18"
"399,Bidoof,322,207,196,177,185,196,86,109,141,,11,"
"400,Bibarel,362,295,240,265,229,240,86,109,141,,11,2"
"401,Kricketot,278,163,199,163,163,199,61,,50,,3,"
"402,Kricketune,358,295,221,251,229,221,68,,101,,3,"
"403,Shinx,294,251,183,207,196,183,79,22,62,,5,"
"404,Luxio,324,295,216,240,240,216,79,22,62,,5,"
"405,Luxray,364,372,282,262,317,282,79,22,62,,5,"
"406,Budew,284,174,185,229,218,262,30,38,102,,12,17"
"407,Roserade,324,262,251,306,383,339,30,38,101,,12,17"
"408,Cranidos,338,383,196,236,174,174,104,,125,,14,"
"409,Rampardos,398,471,240,236,251,218,104,,125,,14,"
"410,Shieldon,264,201,368,174,201,302,5,,43,,14,1"
"411,Bastiodon,324,223,478,174,212,412,5,,43,,14,1"
"412,Burmy,284,172,207,188,172,207,61,,142,,3,"
"413,Wormadam,324,238,295,188,282,339,107,,142,,3,12"
"414,Mothim,344,315,218,254,315,218,68,,110,,3,18"
"415,Combee,264,174,201,262,174,201,118,,55,,3,18"
"416,Vespiquen,344,284,333,196,284,333,46,,127,,3,18"
"417,Pachirisu,324,207,262,317,207,306,50,53,10,,5,"
"418,Buizel,314,251,185,295,240,174,33,,41,,2,"
"419,Floatzel,374,339,229,361,295,218,33,,41,,2,"
"420,Cherubi,294,185,207,185,245,225,34,,,,12,"
"421,Cherrim,344,240,262,295,300,280,122,,,,12,"
"422,Shellos,356,214,214,183,234,245,60,114,159,,2,"
"423,Gastrodon,426,291,258,194,311,289,60,114,159,,2,16"
"424,Ambipom,354,328,254,361,240,254,101,53,92,,11,"
"425,Drifloon,384,218,183,262,240,205,84,106,138,,6,18"
"426,Drifblim,504,284,205,284,306,227,84,106,138,,6,18"
"427,Buneary,314,254,205,295,205,232,50,103,7,,11,"
"428,Lopunny,334,276,293,339,227,320,56,103,7,,11,"
"429,Mismagius,324,240,240,339,339,339,26,,,,6,"
"430,Honchkrow,404,383,223,265,339,223,15,105,153,,15,18"
"431,Glameow,302,229,201,295,201,190,7,20,51,,11,"
"432,Purugly,346,289,249,355,249,238,47,20,128,,11,"
"433,Chingling,294,174,218,207,251,218,26,,,,13,"
"434,Stunky,330,247,212,271,199,199,1,106,51,,17,15"
"435,Skuntank,410,313,256,293,265,243,1,106,51,,17,15"
"436,Bronzor,318,161,298,159,161,298,26,85,134,,1,13"
"437,Bronzong,338,304,364,181,282,364,26,85,134,,1,13"
"438,Bonsly,304,284,317,130,130,207,5,69,155,,14,"
"439,Mime Jr.,244,163,207,240,262,306,43,111,101,,13,8"
"440,Happiny,404,119,119,174,141,251,30,32,132,,11,"
"441,Chatot,356,251,207,309,311,201,51,77,145,,11,18"
"442,Spiritomb,304,311,346,185,311,346,46,,151,,6,15"
"443,Gible,320,262,207,201,196,207,8,,24,,4,16"
"444,Gabite,340,306,251,289,218,229,8,,24,,4,16"
"445,Garchomp,420,394,317,333,284,295,8,,24,,4,16"
"446,Munchlax,474,295,196,119,196,295,53,47,82,,11,"
"447,Riolu,284,262,196,240,185,196,80,39,158,,10,"
"448,Lucario,344,350,262,306,361,262,80,39,154,,10,1"
"449,Hippopotas,340,267,280,179,192,201,45,,159,,16,"
"450,Hippowdon,420,355,368,212,258,267,45,,159,,16,"
"451,Skorupi,284,218,306,251,174,229,4,97,51,,17,3"
"452,Drapion,344,306,350,317,240,273,4,97,51,,17,15"
"453,Croagunk,300,243,196,218,243,196,107,87,143,,17,10"
"454,Toxicroak,370,342,251,295,298,251,107,87,143,,17,10"
"455,Carnivine,352,328,267,210,306,267,26,,,,12,"
"456,Finneon,302,216,232,254,216,243,33,114,41,,2,"
"457,Lumineon,342,260,276,309,260,298,33,114,41,,2,"
"458,Mantyke,294,152,218,218,240,372,33,11,41,,2,18"
"459,Snover,324,245,218,196,245,240,117,,43,,12,9"
"460,Abomasnow,384,311,273,240,311,295,117,,43,,12,9"
"461,Weavile,344,372,251,383,207,295,46,,124,,15,9"
"462,Magnezone,344,262,361,240,394,306,42,5,148,,5,1"
"463,Lickilicky,424,295,317,218,284,317,12,20,13,,11,"
"464,Rhyperior,434,416,394,196,229,229,31,116,120,,16,14"
"465,Tangrowth,404,328,383,218,350,218,34,102,144,,12,"
"466,Electivire,354,379,256,317,317,295,78,,72,,5,"
"467,Magmortar,354,317,256,291,383,317,49,,72,,7,"
"468,Togekiss,374,218,317,284,372,361,55,32,105,,8,18"
"469,Yanmega,376,276,298,317,364,232,3,110,119,,3,18"
"470,Leafeon,334,350,394,317,240,251,102,,34,,12,"
"471,Glaceon,334,240,350,251,394,317,81,,115,,9,"
"472,Gliscor,354,317,383,317,207,273,52,8,90,,16,18"
"473,Mamoswine,424,394,284,284,262,240,12,81,47,,9,16"
"474,Porygon-Z,374,284,262,306,405,273,91,88,148,,11,"
"475,Gallade,340,383,251,284,251,361,80,292,154,,13,10"
"476,Probopass,324,229,427,196,273,438,42,5,159,,14,1"
"477,Dusknoir,294,328,405,207,251,405,46,,119,,6,"
"478,Froslass,344,284,262,350,284,262,81,,130,,9,6"
"479,Rotom,304,218,278,309,317,278,26,,,,5,6"
"480,Uxie,354,273,394,317,273,394,26,,,,13,"
"481,Mesprit,364,339,339,284,339,339,26,,,,13,"
"482,Azelf,354,383,262,361,383,262,26,,,,13,"
"483,Dialga,404,372,372,306,438,328,46,,140,,1,4"
"484,Palkia,384,372,328,328,438,372,46,,140,,2,4"
"485,Heatran,386,306,342,278,394,342,18,,49,,7,1"
"486,Regigigas,424,460,350,328,284,350,112,,,,11,"
"487,Giratina,504,328,372,306,328,372,46,,140,,6,4"
"488,Cresselia,444,262,372,295,273,394,26,,,,13,"
"489,Phione,364,284,284,284,284,284,93,,,,2,"
"490,Manaphy,404,328,328,328,328,328,93,,,,2,"
"491,Darkrai,344,306,306,383,405,306,123,,,,15,"
"492,Shaymin,404,328,328,328,328,328,30,,,,12,"
"493,Arceus,444,372,372,372,372,372,121,,,,11,"
"494,Victini,404,328,328,328,328,328,162,,,,13,7"
"495,Snivy,294,207,229,247,207,229,65,,126,,12,"
"496,Servine,324,240,273,291,240,273,65,,126,,12,"
"497,Serperior,354,273,317,357,273,317,65,,126,,12,"
"498,Tepig,334,247,207,207,207,207,66,,47,,7,"
"499,Pignite,384,313,229,229,262,229,66,,47,,7,10"
"500,Emboar,424,379,251,251,328,251,66,,120,,7,10"
"501,Oshawott,314,229,207,207,247,207,67,,75,,2,"
"502,Dewott,354,273,240,240,291,240,67,,75,,2,"
"503,Samurott,394,328,295,262,346,262,67,,75,,2,"
"504,Patrat,294,229,194,201,185,194,51,50,148,,11,"
"505,Watchog,324,295,260,278,240,260,51,35,148,,11,"
"506,Lillipup,294,240,207,229,163,207,72,53,50,,11,"
"507,Herdier,334,284,251,240,185,251,22,146,113,,11,"
"508,Stoutland,374,350,306,284,207,306,22,146,113,,11,"
"509,Purrloin,286,218,190,254,218,190,7,84,158,,15,"
"510,Liepard,332,302,218,342,302,218,7,84,158,,15,"
"511,Pansage,304,225,214,249,225,214,82,,65,,12,"
"512,Simisage,354,324,247,331,324,247,82,,65,,12,"
"513,Pansear,304,225,214,249,225,214,82,,66,,7,"
"514,Simisear,354,324,247,331,324,247,82,,66,,7,"
"515,Panpour,304,225,214,249,225,214,82,,67,,2,"
"516,Simipour,354,324,247,331,324,247,82,,67,,2,"
"517,Munna,356,163,207,161,256,229,28,108,140,,13,"
"518,Musharna,436,229,295,172,344,317,28,108,140,,13,"
"519,Pidove,304,229,218,203,188,174,145,105,79,,11,18"
"520,Tranquill,328,278,245,251,218,201,145,105,79,,11,18"
"521,Unfezant,364,361,284,313,251,229,145,105,79,,11,18"
"522,Blitzle,294,240,179,276,218,179,31,78,157,,5,"
"523,Zebstrika,354,328,247,364,284,247,31,78,157,,5,"
"524,Roggenrola,314,273,295,141,163,163,5,133,159,,14,"
"525,Boldore,344,339,339,152,218,196,5,133,159,,14,"
"526,Gigalith,374,405,394,163,240,284,5,45,159,,14,"
"527,Woobat,334,207,203,267,229,203,109,103,86,,13,18"
"528,Swoobat,338,234,229,359,278,229,109,103,86,,13,18"
"529,Drilbur,324,295,196,258,174,207,146,159,104,,16,"
"530,Excadrill,424,405,240,302,218,251,146,159,104,,16,1"
"531,Audino,410,240,298,218,240,298,131,144,103,,11,"
"532,Timburr,354,284,229,185,163,185,62,125,89,,10,"
"533,Gurdurr,374,339,295,196,196,218,62,125,89,,10,"
"534,Conkeldurr,414,416,317,207,229,251,62,125,89,,10,"
"535,Tympole,304,218,196,249,218,196,93,33,11,,2,"
"536,Palpitoad,354,251,229,260,251,229,93,33,11,,2,16"
"537,Seismitoad,414,317,273,271,295,273,33,143,11,,2,16"
"538,Throh,444,328,295,207,174,295,39,62,104,,10,"
"539,Sawk,354,383,273,295,174,273,5,39,104,,10,"
"540,Sewaddle,294,225,262,201,196,240,68,34,142,,3,12"
"541,Swadloon,314,247,306,201,218,284,102,34,142,,3,12"
"542,Leavanny,354,335,284,311,262,284,68,34,142,,3,12"
"543,Venipede,264,207,238,234,174,194,68,38,3,,3,17"
"544,Whirlipede,284,229,326,212,196,282,68,38,3,,3,17"
"545,Scolipede,324,328,304,355,229,260,68,38,3,,3,17"
"546,Cottonee,284,168,240,254,190,218,151,158,34,,12,8"
"547,Whimsicott,324,256,295,364,278,273,151,158,34,,12,8"
"548,Petilil,294,185,218,174,262,218,34,20,102,,12,"
"549,Lilligant,344,240,273,306,350,273,34,20,102,,12,"
"550,Basculin,344,311,251,324,284,229,120,91,104,,2,"
"551,Sandile,304,267,185,251,185,185,22,153,83,,16,15"
"552,Krokorok,324,289,207,271,207,207,22,153,83,,16,15"
"553,Krookodile,394,366,284,311,251,262,22,153,83,,16,15"
"554,Darumaka,344,306,207,218,141,207,55,,39,,7,"
"555,Darmanitan,414,416,229,317,174,229,125,,161,,7,"
"556,Maractus,354,298,256,240,342,256,11,34,114,,12,"
"557,Dwebble,304,251,295,229,185,185,75,5,133,,3,14"
"558,Crustle,344,339,383,207,251,273,75,5,133,,3,14"
"559,Scraggy,304,273,262,214,185,262,153,61,22,,15,10"
"560,Scrafty,334,306,361,236,207,361,153,61,22,,15,10"
"561,Sigilyph,348,236,284,322,335,284,147,98,110,,13,18"
"562,Yamask,280,174,295,174,229,251,152,,,,6,"
"563,Cofagrigus,320,218,427,174,317,339,152,,,,6,"
"564,Tirtouga,312,280,335,157,225,207,116,5,33,,2,14"
"565,Carracosta,352,346,401,179,291,251,116,5,33,,2,14"
"566,Archen,314,355,207,262,271,207,129,,,,14,18"
"567,Archeops,354,416,251,350,355,251,129,,,,14,18"
"568,Trubbish,304,218,245,251,196,245,1,60,106,,17,"
"569,Garbodor,364,317,289,273,240,289,1,133,106,,17,"
"570,Zorua,284,251,196,251,284,196,149,,,,15,"
"571,Zoroark,324,339,240,339,372,240,149,,,,15,"
"572,Minccino,314,218,196,273,196,196,56,101,92,,11,"
"573,Cinccino,354,317,240,361,251,240,56,101,92,,11,"
"574,Gothita,294,174,218,207,229,251,119,172,23,,13,"
"575,Gothorita,324,207,262,229,273,295,119,172,23,,13,"
"576,Gothitelle,344,229,317,251,317,350,119,172,23,,13,"
"577,Solosis,294,174,196,152,339,218,142,98,144,,13,"
"578,Duosion,334,196,218,174,383,240,142,98,144,,13,"
"579,Reuniclus,424,251,273,174,383,295,142,98,144,,13,"
"580,Ducklett,328,205,218,229,205,218,51,145,93,,2,18"
"581,Swanna,354,300,247,324,300,247,51,145,93,,2,18"
"582,Vanillite,276,218,218,205,251,240,115,81,133,,9,"
"583,Vanillish,306,251,251,238,284,273,115,81,133,,9,"
"584,Vanilluxe,346,317,295,282,350,317,115,117,133,,9,"
"585,Deerling,324,240,218,273,196,218,34,157,32,,11,12"
"586,Sawsbuck,364,328,262,317,240,262,34,157,32,,11,12"
"587,Emolga,314,273,240,335,273,240,9,,78,,5,18"
"588,Karrablast,304,273,207,240,196,207,68,61,99,,3,"
"589,Escavalier,344,405,339,152,240,339,68,75,142,,3,1"
"590,Foongus,342,229,207,141,229,229,27,,144,,12,17"
"591,Amoonguss,432,295,262,174,295,284,27,,144,,12,17"
"592,Frillish,314,196,218,196,251,295,11,130,6,,2,6"
"593,Jellicent,404,240,262,240,295,339,11,130,6,,2,6"
"594,Alomomola,534,273,284,251,196,207,93,131,144,,2,"
"595,Joltik,304,212,218,251,234,218,14,127,68,,3,5"
"596,Galvantula,344,278,240,346,322,240,14,127,68,,3,5"
"597,Ferroseed,292,218,309,130,161,298,160,,,,12,1"
"598,Ferrothorn,352,315,397,152,227,364,160,,107,,12,1"
"599,Klink,284,229,262,174,207,240,57,58,29,,1,"
"600,Klang,324,284,317,218,262,295,57,58,29,,1,"
"601,Klinklang,324,328,361,306,262,295,57,58,29,,1,"
"602,Tynamo,274,229,196,240,207,196,26,,,,5,"
"603,Eelektrik,334,295,262,196,273,262,26,,,,5,"
"604,Eelektross,374,361,284,218,339,284,26,,,,5,"
"605,Elgyem,314,229,229,174,295,229,140,28,148,,13,"
"606,Beheeyem,354,273,273,196,383,317,140,28,148,,13,"
"607,Litwick,304,174,229,152,251,229,18,49,151,,6,7"
"608,Lampent,324,196,240,229,317,240,18,49,151,,6,7"
"609,Chandelure,324,229,306,284,427,306,18,49,151,,6,7"
"610,Axew,296,300,240,234,174,196,79,104,127,,4,"
"611,Fraxure,336,366,262,256,196,218,79,104,127,,4,"
"612,Haxorus,356,432,306,322,240,262,79,104,127,,4,"
"613,Cubchoo,314,262,196,196,240,196,81,202,155,,9,"
"614,Beartic,394,394,284,218,262,284,81,202,33,,9,"
"615,Cryogonal,364,218,218,339,317,405,26,,,,9,"
"616,Shelmet,304,196,295,163,196,251,93,75,142,,3,"
"617,Accelgor,364,262,196,427,328,240,93,60,84,,3,"
"618,Stunfisk,422,254,293,179,287,326,9,7,8,,16,5"
"619,Mienfoo,294,295,218,251,229,218,144,39,120,,10,"
"620,Mienshao,334,383,240,339,317,240,144,39,120,,10,"
"621,Druddigon,358,372,306,214,240,306,24,125,104,,4,"
"622,Golett,322,271,218,185,185,218,89,103,99,,16,6"
"623,Golurk,382,381,284,229,229,284,89,103,99,,16,6"
"624,Pawniard,294,295,262,240,196,196,128,39,46,,15,1"
"625,Bisharp,334,383,328,262,240,262,128,39,46,,15,1"
"626,Bouffalant,394,350,317,229,196,317,120,157,43,,11,"
"627,Rufflet,344,291,218,240,190,218,51,125,55,,11,18"
"628,Braviary,404,379,273,284,234,273,51,125,128,,11,18"
"629,Vullaby,344,229,273,240,207,251,145,142,133,,15,18"
"630,Mandibuzz,424,251,339,284,229,317,145,142,133,,15,18"
"631,Heatmor,374,322,254,251,339,254,82,18,73,,7,"
"632,Durant,320,348,355,348,214,214,68,55,54,,3,1"
"633,Deino,308,251,218,192,207,218,55,,,,15,4"
"634,Zweilous,348,295,262,236,251,262,55,,,,15,4"
"635,Hydreigon,388,339,306,324,383,306,26,,,,15,4"
"636,Larvesta,314,295,229,240,218,229,49,,68,,3,7"
"637,Volcarona,374,240,251,328,405,339,49,,68,,3,7"
"638,Cobalion,386,306,392,346,306,267,154,,,,1,10"
"639,Terrakion,386,392,306,346,267,306,154,,,,14,10"
"640,Virizion,386,306,267,346,306,392,154,,,,12,10"
"641,Tornadus,362,361,262,353,383,284,158,,128,,18,"
"642,Thundurus,362,361,262,353,383,284,158,,128,,5,18"
"643,Reshiram,404,372,328,306,438,372,163,,,,4,7"
"644,Zekrom,404,438,372,306,372,328,164,,,,4,5"
"645,Landorus,382,383,306,331,361,284,159,,125,,16,18"
"646,Kyurem,454,394,306,317,394,306,46,,,,4,9"
"647,Keldeo,386,267,306,346,392,306,154,,,,2,10"
"648,Meloetta,404,278,278,306,390,390,32,,,,11,13"
"649,Genesect,346,372,317,326,372,317,88,,,,3,1"
"650,Chespin,316,243,251,192,214,207,65,,171,,12,"
"651,Quilladin,326,280,317,234,232,236,65,,171,,12,"
"652,Chesnaught,380,344,377,249,271,273,65,,171,,12,10"
"653,Fennekin,284,207,196,240,245,240,66,,170,,7,"
"654,Braixen,322,238,236,269,306,262,66,,170,,7,"
"655,Delphox,354,260,267,337,359,328,66,,170,,7,13"
"656,Froakie,286,232,196,265,245,205,67,,168,,2,"
"657,Frogadier,312,247,223,322,291,232,67,,168,,2,"
"658,Greninja,348,317,256,377,335,265,67,,168,,2,15"
"659,Bunnelby,280,188,192,234,179,188,53,167,37,,11,"
"660,Diggersby,374,232,278,280,218,278,53,167,37,,11,16"
"661,Fletchling,294,218,203,245,196,192,145,,177,,11,18"
"662,Fletchinder,328,269,229,293,232,223,49,,177,,7,18"
"663,Talonflame,360,287,265,386,271,260,49,,177,,7,18"
"664,Scatterbug,280,185,196,185,168,163,19,14,132,,3,"
"665,Spewpa,294,157,240,172,168,174,61,,,,3,"
"666,Vivillon,364,223,218,304,306,218,19,14,132,,3,18"
"667,Litleo,328,218,236,267,269,227,127,79,153,,7,11"
"668,Pyroar,376,258,267,342,348,254,127,79,153,,7,11"
"669,FlabÃƒÂ©bÃƒÂ©,292,192,194,201,243,282,166,,180,,8,"
"670,Floette,312,207,212,223,273,324,166,,180,,8,"
"671,Florges,360,251,258,273,355,447,166,,180,,8,"
"672,Skiddo,336,251,214,223,245,234,157,,179,,12,"
"673,Gogoat,450,328,245,258,322,287,157,,179,,12,"
"674,Pancham,338,289,245,203,210,214,89,104,113,,10,"
"675,Pangoro,394,381,280,236,260,265,89,104,113,,10,15"
"676,Furfrou,354,284,240,333,251,306,169,,,,11,"
"677,Espurr,328,214,227,258,247,240,51,151,20,,13,"
"678,Meowstic,352,214,276,337,291,287,51,151,158,,13,"
"679,Honedge,294,284,328,170,185,190,99,,,,1,6"
"680,Doublade,322,350,438,185,207,216,99,,,,1,6"
"681,Aegislash,324,218,438,240,218,438,176,,,,1,6"
"682,Spritzee,360,223,240,159,247,251,131,,165,,8,"
"683,Aromatisse,406,267,267,172,326,304,131,,165,,8,"
"684,Swirlix,328,214,254,216,238,234,175,,84,,8,"
"685,Slurpuff,368,284,298,267,295,273,175,,84,,8,"
"686,Inkay,310,227,225,207,190,210,126,21,151,,15,13"
"687,Malamar,376,311,302,269,258,273,126,21,151,,15,13"
"688,Binacle,288,223,256,218,194,232,97,181,124,,14,2"
"689,Barbaracle,348,339,361,258,227,298,97,181,124,,14,2"
"690,Skrelp,304,240,240,174,240,240,38,143,91,,17,2"
"691,Dragalge,334,273,306,205,322,379,38,143,91,,17,4"
"692,Clauncher,304,225,245,205,236,247,178,,,,2,"
"693,Clawitzer,346,269,302,238,372,304,178,,,,2,"
"694,Helioptile,292,192,181,262,243,203,87,8,94,,5,11"
"695,Heliolisk,328,229,223,348,348,315,87,8,94,,5,11"
"696,Tyrunt,320,304,278,214,207,207,173,,5,,14,4"
"697,Tyrantrum,368,375,370,265,260,238,173,,69,,14,4"
"698,Amaura,358,238,218,210,256,247,174,,117,,14,9"
"699,Aurorus,450,278,267,236,326,311,174,,117,,14,9"
"700,Sylveon,394,251,251,240,350,394,56,,182,,8,"
"701,Hawlucha,360,311,273,368,271,247,7,84,104,,10,18"
"702,Dedenne,338,236,234,331,287,256,167,53,57,,5,8"
"703,Carbink,304,218,438,218,218,438,29,,5,,14,8"
"704,Goomy,294,218,185,196,229,273,157,93,183,,4,"
"705,Sliggoo,340,273,225,240,291,357,157,93,183,,4,"
"706,Goodra,384,328,262,284,350,438,157,93,183,,4,"
"707,Klefki,318,284,309,273,284,300,158,,170,,1,8"
"708,Phantump,290,262,214,192,218,240,30,119,139,,6,12"
"709,Trevenant,374,350,276,232,251,289,30,119,139,,6,12"
"710,Pumpkaboo,292,254,262,232,205,229,53,119,15,,6,12"
"711,Gourgeist,314,295,377,326,236,273,53,119,15,,6,12"
"712,Bergmite,314,260,295,170,179,185,20,115,5,,9,"
"713,Avalugg,394,366,513,170,205,210,20,115,5,,9,"
"714,Noibat,284,174,185,229,207,196,119,151,140,,18,4"
"715,Noivern,374,262,284,379,322,284,119,151,140,,18,4"
"716,Xerneas,456,397,317,326,397,324,187,,,,8,"
"717,Yveltal,456,397,317,326,397,324,186,,,,15,18"
"718,Zygarde,420,328,375,317,287,317,188,,211,,4,16"
"719,Diancie,304,328,438,218,328,438,29,,,,14,8"
"720,Hoopa,364,350,240,262,438,394,170,,,,13,6"
"721,Volcanion,364,350,372,262,394,306,11,,,,7,2"
"722,Rowlet,340,229,229,201,218,218,65,,203,,12,18"
"723,Dartrix,360,273,273,223,262,262,65,,203,,12,18"
"724,Decidueye,360,344,273,262,328,328,65,,203,,12,6"
"725,Litten,294,251,196,262,240,196,66,,22,,7,"
"726,Torracat,334,295,218,306,284,218,66,,22,,7,"
"727,Incineroar,394,361,306,240,284,306,66,,22,,7,15"
"728,Popplio,304,227,227,196,254,232,67,,204,,2,"
"729,Brionne,324,260,260,218,309,287,67,,204,,2,"
"730,Primarina,364,271,271,240,386,364,67,,204,,2,8"
"731,Pikipek,274,273,174,251,174,174,51,92,53,,11,18"
"732,Trumbeak,314,295,218,273,196,218,51,92,53,,11,18"
"733,Toucannon,364,372,273,240,273,273,51,92,125,,11,18"
"734,Yungoos,300,262,174,207,174,174,198,173,91,,11,"
"735,Gumshoos,380,350,240,207,229,240,198,173,91,,11,"
"736,Grubbin,298,245,207,210,229,207,68,,,,3,"
"737,Charjabug,318,289,317,188,229,273,217,,,,3,5"
"738,Vikavolt,358,262,306,203,427,273,26,,,,3,5"
"739,Crabrawler,298,289,234,247,201,212,52,89,83,,10,"
"740,Crabominable,398,399,278,203,245,256,52,89,83,,10,9"
"741,Oricorio,354,262,262,313,324,262,216,,,,5,18"
"742,Cutiefly,284,207,196,293,229,196,118,19,175,,3,8"
"743,Ribombee,324,229,240,381,317,262,118,19,175,,3,8"
"744,Rockruff,294,251,196,240,174,196,51,72,80,20,14,"
"745,Lycanroc,354,361,251,355,229,251,51,146,80,,14,"
"746,Wishiwashi,294,416,394,174,416,405,208,,,,2,"
"747,Mareanie,304,225,245,207,203,223,196,7,144,,17,2"
"748,Toxapex,304,247,443,185,225,421,196,7,144,,17,2"
"749,Mudbray,344,328,262,207,207,229,20,192,39,,16,"
"750,Mudsdale,404,383,328,185,229,295,20,192,39,,16,"
"751,Dewpider,280,196,223,168,196,267,199,,11,,2,3"
"752,Araquanid,340,262,311,201,218,399,199,,11,,2,3"
"753,Fomantis,284,229,185,185,218,185,102,,126,,12,"
"754,Lurantis,344,339,306,207,284,306,102,,126,,12,"
"755,Morelull,284,185,229,141,251,273,35,27,44,,12,8"
"756,Shiinotic,324,207,284,174,306,328,35,27,44,,12,8"
"757,Salandit,300,205,196,278,265,196,212,,12,,17,7"
"758,Salazzle,340,249,240,366,353,240,212,,12,,17,7"
"759,Stufful,344,273,218,218,207,218,218,103,56,,11,10"
"760,Bewear,444,383,284,240,229,240,218,103,127,,11,10"
"761,Bounsweet,288,174,192,179,174,192,102,12,175,,12,"
"762,Steenee,308,196,214,245,196,214,102,12,175,,12,"
"763,Tsareena,348,372,324,267,218,324,102,214,175,,12,"
"764,Comfey,306,223,306,328,289,350,166,205,30,,8,"
"765,Oranguru,384,240,284,240,306,350,39,140,180,,11,13"
"766,Passimian,404,372,306,284,196,240,222,,128,,10,"
"767,Wimpod,254,185,196,284,152,174,193,,,,3,2"
"768,Golisopod,354,383,416,196,240,306,194,,,,3,2"
"769,Sandygast,314,229,284,141,262,207,195,,8,,6,16"
"770,Palossand,374,273,350,185,328,273,195,,8,,6,16"
"771,Pyukumuku,314,240,394,119,174,394,215,,109,,2,"
"772,CÃƒÂ³digo Cero,394,317,317,238,317,317,4,,,,11,"
"773,Silvally,394,317,317,317,317,317,225,,,,11,"
"774,Minior,324,240,328,240,240,328,197,,,,14,18"
"775,Komala,334,361,251,251,273,317,213,,,,11,"
"776,Turtonator,324,280,405,188,309,295,75,,,,7,4"
"777,Togedemaru,334,324,247,320,196,269,160,31,5,,5,1"
"778,Mimikyu,314,306,284,320,218,339,209,,,,6,8"
"779,Bruxish,340,339,262,311,262,262,219,173,147,,2,13"
"780,Drampa,360,240,295,188,405,309,201,157,13,,11,4"
"781,Dhelmise,344,397,328,196,298,306,200,,,,6,12"
"782,Jangmo-o,294,229,251,207,207,207,171,43,142,,4,"
"783,Hakamo-o,314,273,306,251,251,262,171,43,142,,4,10"
"784,Kommo-o,354,350,383,295,328,339,171,43,142,,4,10"
"785,Tapu Koko,344,361,295,394,317,273,226,,140,,5,8"
"786,Tapu Lele,344,295,273,317,394,361,227,,140,,13,8"
"787,Tapu Bulu,344,394,361,273,295,317,229,,140,,12,8"
"788,Tapu Fini,344,273,361,295,317,394,228,,140,,2,8"
"789,Cosmog,290,172,177,190,172,177,109,,,,13,"
"790,Cosmoem,290,172,397,190,172,397,5,,,,13,"
"791,Solgaleo,478,410,344,322,357,304,230,,,,13,1"
"792,Lunala,478,357,304,322,410,344,231,,,,13,6"
"793,Nihilego,422,225,212,335,388,397,224,,,,14,17"
"794,Buzzwole,418,414,414,282,225,225,224,,,,3,10"
"795,Pheromosa,346,410,190,441,410,190,224,,,,3,10"
"796,Xurkitree,370,304,265,291,489,265,224,,,,5,"
"797,Celesteela,398,331,335,243,344,331,224,,,,1,18"
"798,Kartana,322,507,397,348,238,177,224,,,,12,1"
"799,Guzzlord,650,331,225,203,322,225,224,,,,15,4"
"800,Necrozma,398,344,331,282,388,304,232,,,,13,"
"801,Magearna,364,317,361,251,394,361,220,,,,1,8"
"802,Marshadow,384,383,284,383,306,306,101,,,,10,6"
"803,Poipole,338,269,256,269,269,256,224,,,,17,"
"804,Naganadel,350,269,269,375,388,269,224,,,,17,4"
"805,Stakataka,326,397,573,137,225,331,224,,,,14,1"
"806,Blacephalon,310,388,225,344,441,282,224,,,,7,6"
"807,Zeraora,380,355,273,423,333,284,10,,,,5,"
"808,Meltan,296,251,251,183,229,185,42,,,,1,"
"809,Melmetal,474,423,423,183,284,251,89,,,,1,"
